"ID Donasi","Nama Pengguna",Nominal,"Tanggal Donasi","Status Pembayaran"
4,"User Biasa",150000.00,"2026-06-08 21:05:50",Kadaluarsa
5,"User Biasa",150000.00,"2026-06-08 21:08:26",Kadaluarsa
6,"User Biasa",150000.00,"2026-06-11 10:09:31",Kadaluarsa
7,"User Biasa",150000.00,"2026-06-11 10:15:08",Kadaluarsa
15,"User Biasa",150000.00,"2026-06-17 14:15:29",Kadaluarsa
16,"User Biasa",1000000.00,"2026-06-17 14:18:22",Kadaluarsa
17,"User Biasa",150000.00,"2026-06-17 14:34:44",Kadaluarsa
18,"User Biasa",150000.00,"2026-06-17 14:42:18",Kadaluarsa
19,"User Biasa",150000.00,"2026-06-17 14:48:51",Kadaluarsa
20,"User Biasa",150000.00,"2026-06-17 14:54:17",Kadaluarsa
21,"User Biasa",10110.00,"2026-06-17 16:05:31",Kadaluarsa
22,"User Biasa",150000.00,"2026-06-17 16:06:43",Kadaluarsa
23,"User Biasa",150000.00,"2026-06-17 16:20:37",Kadaluarsa
24,"User Biasa",150000.00,"2026-06-17 16:27:43",Kadaluarsa
25,"User Biasa",150000.00,"2026-06-17 16:33:17",Kadaluarsa
26,"test hari ini",11000.00,"2026-06-17 16:33:11",Kadaluarsa
27,"User Biasa",150000.00,"2026-06-17 16:40:27",Kadaluarsa
29,"User Biasa",150000.00,"2026-06-17 16:52:13",Kadaluarsa
37,"User Biasa",333000.00,"2026-06-17 18:16:55",Berhasil
51,"User Biasa",20000000.00,"2026-06-18 19:18:23",Kadaluarsa
52,"User Biasa",1000000.00,"2026-06-19 01:14:16",Kadaluarsa
53,"User Biasa",150000.00,"2026-06-19 01:19:01",Kadaluarsa
54,"User Biasa",150000.00,"2026-06-19 01:24:04",Kadaluarsa
55,"User Biasa",150000.00,"2026-06-19 01:29:55",Kadaluarsa
56,"User Biasa",150000.00,"2026-06-20 07:47:48",Kadaluarsa
57,"User Biasa",150000.00,"2026-06-20 07:55:27",Kadaluarsa
58,"User Biasa",150000.00,"2026-06-20 07:57:21",Kadaluarsa
59,"User Biasa",150000.00,"2026-06-20 08:19:56",Kadaluarsa
60,"User Biasa",150000.00,"2026-06-20 08:21:46",Kadaluarsa
61,"User Biasa",150000.00,"2026-06-20 09:20:07",Kadaluarsa
62,"User Biasa",150000.00,"2026-06-20 09:22:05",Kadaluarsa
63,"User Biasa",150000.00,"2026-06-22 01:13:27",Kadaluarsa
64,"User Biasa",150000.00,"2026-06-22 01:16:24",Kadaluarsa
65,"User Biasa",150000.00,"2026-06-22 12:23:42",Kadaluarsa
66,"User Biasa",150000.00,"2026-06-22 12:25:22",Kadaluarsa
77,"User Biasa",100000.00,"2026-06-22 14:50:09",Kadaluarsa
78,"User Biasa",150000.00,"2026-06-22 15:32:41",Kadaluarsa
79,"User Biasa",150000.00,"2026-06-22 15:37:23",Kadaluarsa
89,"Admin Greennovate",100000.00,"2026-06-22 16:27:57",Berhasil
90,"Admin Greennovate",100000.00,"2026-06-22 16:27:57",Berhasil
91,"Admin Greennovate",100000.00,"2026-06-22 16:27:57",Kadaluarsa
92,"User Biasa",10000000.00,"2026-06-22 16:35:40",Berhasil
93,"Admin Greennovate",10000000.00,"2026-06-22 16:42:12",Berhasil
